{
  "depth": 4,
  "h1": 512,
  "h2": 128,
  "h3": 768,
  "h4": 768,
  "dropout": 0.10532005692506055,
  "lr": 0.0011378505525394458,
  "weight_decay": 0.00042377628866986417,
  "optimizer": "rmsprop",
  "batch": 64,
  "patience": 2
}